N,Merge SplitTime,Sequential Time,Speedup
1,1.2733690738677979,1.294908046722412,1.016914948930863
2,0.771461009979248,1.2927148342132568,1.6756709898378794
3,0.6113770008087158,1.2965588569641113,2.120719057552136
4,0.5355191230773926,1.2847301959991455,2.3990370103244247
5,0.5832288265228271,1.292320966720581,2.2158043429117105
6,0.5259838104248047,1.2966620922088623,2.465212933382167
7,0.48938894271850586,1.2873010635375977,2.6304253144477907
8,0.46063780784606934,1.3028500080108643,2.828360993864046
